{

    "Usage abusif du klaxon": {
        "0": 30
    },
    "Franchir une ligne continue": {
        "0": 40
    },
    "Circulation à contresens": {
        "0": 250
    },
    "Demi-tour non autorisé": {
        "0": 250
    },
    "Circulation hors-route": {
        "170": 0
    },
    "Non-respect des distances de sécurité": {
        "30": 0
    },
    "Arrêt dangereux / interdit": {
        "150": 0
    },
    "Stationnement gênant / interdit": {
        "70": 0
    },
    "Non respect  de la priorité à droite": {
        "70": 0
    },
    "Non-respect à un véhicule prioritaire": {
        "90": 0
    },
    "Non-respect d\"un stop": {
        "105": 0
    },
    "Non-respect d\"un feu rouge": {
        "130": 0
    },
    "Dépassement dangereux": {
        "100": 0
    },
    "Véhicule non en état": {
        "100": 0
    },
    "Conduite sans permis": {
        "1500": 0
    },
    "Délit de fuite": {
        "800": 0
    },
    "Excès de vitesse < 5 kmh": {
        "90": 0
    },
    "Excès de vitesse 5-15 kmh": {
        "120": 0
    },
    "Excès de vitesse 15-30 kmh": {
        "180": 0
    },
    "Excès de vitesse > 30 kmh": {
        "300": 0
    },
    "Entrave de la circulation": {
        "110": 1
    },
    "Dégradation de la voie publique": {
        "90": 1
    },
    "Trouble à l\"ordre publique": {
        "90": 1
    },
    "Entrave opération de police": {
        "130": 1
    },
    "Insulte envers / entre civils": {
        "75": 1
    },
    "Outrage à agent de police": {
        "110": 1
    },
    "Menace verbale ou intimidation envers civil": {
        "90": 1
    },
    "Menace verbale ou intimidation envers policier": {
        "150": 1
    },
    "Manifestation illégale": {
        "250": 1
    },
    "Tentative de corruption": {
        "1500": 1
    },
    "Arme blanche sortie en ville": {
        "120": 2
    },
    "Arme léthale sortie en ville": {
        "300": 2
    },
    "Port d\"arme non autorisé {défaut de license}": {
        "600": 2
    },
    "Port d\"arme illégal": {
        "700": 2
    },
    "Pris en flag lockpick": {
        "300": 2
    },
    "Vol de voiture": {
        "1800": 2
    },
    "Vente de drogue": {
        "1500": 2
    },
    "Fabriquation de drogue": {
        "1500": 2
    },
    "Possession de drogue": {
        "650": 2
    },
    "Prise d\"ôtage civil": {
        "1500": 2
    },
    "Prise d\"ôtage agent de l\"état": {
        "2000": 2
    },
    "Braquage particulier": {
        "650": 2
    },
    "Braquage magasin": {
        "650": 2
    },
    "Braquage de banque": {
        "1500": 2
    },
    "Tir sur civil": {
        "2000": 3
    },
    "Tir sur agent de l\"état": {
        "2500": 3
    },
    "Tentative de meurtre sur civil": {
        "3000": 3
    },
    "Tentative de meurtre sur agent de l\"état": {
        "5000": 3
    },
    "Meurtre sur civil": {
        "10000": 3
    },
    "Meurte sur agent de l\"état": {
        "30000": 3
    },
    "Meurtre involontaire": {
        "1800": 3
    },
    "Escroquerie à l\"entreprise": {
        "2000": 2
    }

}